chapter_key,tractate_en,chapter_num,seder,skip_reason
arakhin_1,arakhin,1,Kodashim,no_markers_in_docx
arakhin_2,arakhin,2,Kodashim,unmatched
arakhin_3,arakhin,3,Kodashim,no_markers_in_docx
arakhin_4,arakhin,4,Kodashim,no_markers_in_docx
arakhin_5,arakhin,5,Kodashim,no_markers_in_docx
arakhin_6,arakhin,6,Kodashim,no_markers_in_docx
arakhin_7,arakhin,7,Kodashim,no_markers_in_docx
arakhin_8,arakhin,8,Kodashim,no_markers_in_docx
arakhin_9,arakhin,9,Kodashim,no_markers_in_docx
avodazara_1,avodazara,1,Nezikin,no_markers_in_docx
avodazara_4,avodazara,4,Nezikin,unmatched
avot_2,avot,2,Nezikin,shape_mismatch
avot_3,avot,3,Nezikin,no_markers_in_docx
avot_4,avot,4,Nezikin,no_markers_in_docx
avot_5,avot,5,Nezikin,no_markers_in_docx
bekhorot_1,bekhorot,1,Kodashim,no_markers_in_docx
bekhorot_2,bekhorot,2,Kodashim,no_markers_in_docx
bekhorot_3,bekhorot,3,Kodashim,unmatched
bekhorot_4,bekhorot,4,Kodashim,unmatched
bekhorot_5,bekhorot,5,Kodashim,no_markers_in_docx
bekhorot_6,bekhorot,6,Kodashim,no_markers_in_docx
bekhorot_7,bekhorot,7,Kodashim,no_markers_in_docx
bekhorot_8,bekhorot,8,Kodashim,unmatched
bekhorot_9,bekhorot,9,Kodashim,unmatched
chullin_1,chullin,1,Kodashim,unmatched
chullin_10,chullin,10,Kodashim,no_markers_in_docx
chullin_11,chullin,11,Kodashim,no_markers_in_docx
chullin_12,chullin,12,Kodashim,no_markers_in_docx
chullin_2,chullin,2,Kodashim,no_markers_in_docx
chullin_3,chullin,3,Kodashim,unmatched
chullin_4,chullin,4,Kodashim,unmatched
chullin_5,chullin,5,Kodashim,no_markers_in_docx
chullin_6,chullin,6,Kodashim,no_markers_in_docx
chullin_7,chullin,7,Kodashim,no_markers_in_docx
chullin_8,chullin,8,Kodashim,no_markers_in_docx
chullin_9,chullin,9,Kodashim,unmatched
eduyot_2,eduyot,2,Nezikin,no_markers_in_docx
eduyot_4,eduyot,4,Nezikin,unmatched
eduyot_6,eduyot,6,Nezikin,no_markers_in_docx
eduyot_7,eduyot,7,Nezikin,shape_mismatch
eduyot_8,eduyot,8,Nezikin,unmatched
kelim_1,kelim,1,Toharot,unmatched
kelim_10,kelim,10,Toharot,no_markers_in_docx
kelim_11,kelim,11,Toharot,no_markers_in_docx
kelim_12,kelim,12,Toharot,no_markers_in_docx
kelim_13,kelim,13,Toharot,no_markers_in_docx
kelim_14,kelim,14,Toharot,no_markers_in_docx
kelim_15,kelim,15,Toharot,no_markers_in_docx
kelim_16,kelim,16,Toharot,no_markers_in_docx
kelim_17,kelim,17,Toharot,unmatched
kelim_18,kelim,18,Toharot,unmatched
kelim_19,kelim,19,Toharot,no_markers_in_docx
kelim_2,kelim,2,Toharot,no_markers_in_docx
kelim_20,kelim,20,Toharot,no_markers_in_docx
kelim_21,kelim,21,Toharot,no_markers_in_docx
kelim_22,kelim,22,Toharot,unmatched
kelim_23,kelim,23,Toharot,no_markers_in_docx
kelim_24,kelim,24,Toharot,no_markers_in_docx
kelim_25,kelim,25,Toharot,no_markers_in_docx
kelim_26,kelim,26,Toharot,no_markers_in_docx
kelim_27,kelim,27,Toharot,no_markers_in_docx
kelim_28,kelim,28,Toharot,no_markers_in_docx
kelim_29,kelim,29,Toharot,no_markers_in_docx
kelim_3,kelim,3,Toharot,unmatched
kelim_30,kelim,30,Toharot,unmatched
kelim_4,kelim,4,Toharot,shape_mismatch
kelim_5,kelim,5,Toharot,unmatched
kelim_6,kelim,6,Toharot,no_markers_in_docx
kelim_7,kelim,7,Toharot,no_markers_in_docx
kelim_8,kelim,8,Toharot,unmatched
kelim_9,kelim,9,Toharot,no_markers_in_docx
keritot_1,keritot,1,Kodashim,no_markers_in_docx
keritot_2,keritot,2,Kodashim,no_markers_in_docx
keritot_3,keritot,3,Kodashim,unmatched
keritot_4,keritot,4,Kodashim,shape_mismatch
keritot_5,keritot,5,Kodashim,no_markers_in_docx
keritot_6,keritot,6,Kodashim,unmatched
ketubot_11,ketubot,11,Nashim,shape_mismatch
ketubot_12,ketubot,12,Nashim,no_markers_in_docx
ketubot_14,ketubot,14,Nashim,unmatched
kiddushin_4,kiddushin,4,Nashim,no_markers_in_docx
kilayim_9,kilayim,9,Zeraim,no_markers_in_docx
kinnim_1,kinnim,1,Kodashim,shape_mismatch
kinnim_2,kinnim,2,Kodashim,no_markers_in_docx
kinnim_3,kinnim,3,Kodashim,no_markers_in_docx
makhshirin_1,makhshirin,1,Toharot,no_markers_in_docx
makhshirin_2,makhshirin,2,Toharot,no_markers_in_docx
makhshirin_3,makhshirin,3,Toharot,no_markers_in_docx
makhshirin_4,makhshirin,4,Toharot,no_markers_in_docx
makhshirin_5,makhshirin,5,Toharot,no_markers_in_docx
makhshirin_6,makhshirin,6,Toharot,no_markers_in_docx
makkot_1,makkot,1,Nezikin,shape_mismatch
makkot_2,makkot,2,Nezikin,shape_mismatch
makkot_3,makkot,3,Nezikin,shape_mismatch
meilah_1,meilah,1,Kodashim,shape_mismatch
meilah_2,meilah,2,Kodashim,unmatched
meilah_3,meilah,3,Kodashim,no_markers_in_docx
meilah_4,meilah,4,Kodashim,no_markers_in_docx
meilah_5,meilah,5,Kodashim,unmatched
meilah_6,meilah,6,Kodashim,no_markers_in_docx
menachot_1,menachot,1,Kodashim,no_markers_in_docx
menachot_10,menachot,10,Kodashim,unmatched
menachot_11,menachot,11,Kodashim,no_markers_in_docx
menachot_12,menachot,12,Kodashim,no_markers_in_docx
menachot_13,menachot,13,Kodashim,no_markers_in_docx
menachot_2,menachot,2,Kodashim,no_markers_in_docx
menachot_3,menachot,3,Kodashim,unmatched
menachot_4,menachot,4,Kodashim,unmatched
menachot_5,menachot,5,Kodashim,no_markers_in_docx
menachot_6,menachot,6,Kodashim,no_markers_in_docx
menachot_7,menachot,7,Kodashim,no_markers_in_docx
menachot_8,menachot,8,Kodashim,no_markers_in_docx
menachot_9,menachot,9,Kodashim,no_markers_in_docx
mikvaot_1,mikvaot,1,Toharot,no_markers_in_docx
mikvaot_10,mikvaot,10,Toharot,no_markers_in_docx
mikvaot_2,mikvaot,2,Toharot,no_markers_in_docx
mikvaot_3,mikvaot,3,Toharot,no_markers_in_docx
mikvaot_4,mikvaot,4,Toharot,no_markers_in_docx
mikvaot_5,mikvaot,5,Toharot,no_markers_in_docx
mikvaot_6,mikvaot,6,Toharot,no_markers_in_docx
mikvaot_7,mikvaot,7,Toharot,no_markers_in_docx
mikvaot_8,mikvaot,8,Toharot,unmatched
mikvaot_9,mikvaot,9,Toharot,no_markers_in_docx
nazir_8,nazir,8,Nashim,no_markers_in_docx
negaim_1,negaim,1,Toharot,no_markers_in_docx
negaim_10,negaim,10,Toharot,no_markers_in_docx
negaim_11,negaim,11,Toharot,no_markers_in_docx
negaim_12,negaim,12,Toharot,unmatched
negaim_13,negaim,13,Toharot,no_markers_in_docx
negaim_14,negaim,14,Toharot,unmatched
negaim_2,negaim,2,Toharot,no_markers_in_docx
negaim_3,negaim,3,Toharot,unmatched
negaim_4,negaim,4,Toharot,unmatched
negaim_5,negaim,5,Toharot,no_markers_in_docx
negaim_6,negaim,6,Toharot,no_markers_in_docx
negaim_7,negaim,7,Toharot,no_markers_in_docx
negaim_8,negaim,8,Toharot,no_markers_in_docx
negaim_9,negaim,9,Toharot,no_markers_in_docx
niddah_1,niddah,1,Toharot,no_markers_in_docx
niddah_10,niddah,10,Toharot,no_markers_in_docx
niddah_2,niddah,2,Toharot,unmatched
niddah_3,niddah,3,Toharot,shape_mismatch
niddah_4,niddah,4,Toharot,no_markers_in_docx
niddah_5,niddah,5,Toharot,no_markers_in_docx
niddah_6,niddah,6,Toharot,no_markers_in_docx
niddah_7,niddah,7,Toharot,no_markers_in_docx
niddah_8,niddah,8,Toharot,no_markers_in_docx
niddah_9,niddah,9,Toharot,no_markers_in_docx
oholot_1,oholot,1,Unknown,no_markers_in_docx
oholot_10,oholot,10,Unknown,no_markers_in_docx
oholot_11,oholot,11,Unknown,no_markers_in_docx
oholot_12,oholot,12,Unknown,no_markers_in_docx
oholot_13,oholot,13,Unknown,no_markers_in_docx
oholot_14,oholot,14,Unknown,no_markers_in_docx
oholot_15,oholot,15,Unknown,no_markers_in_docx
oholot_16,oholot,16,Unknown,no_markers_in_docx
oholot_17,oholot,17,Unknown,no_markers_in_docx
oholot_18,oholot,18,Unknown,no_markers_in_docx
oholot_2,oholot,2,Unknown,no_markers_in_docx
oholot_3,oholot,3,Unknown,no_markers_in_docx
oholot_4,oholot,4,Unknown,no_markers_in_docx
oholot_5,oholot,5,Unknown,no_markers_in_docx
oholot_6,oholot,6,Unknown,no_markers_in_docx
oholot_7,oholot,7,Unknown,no_markers_in_docx
oholot_8,oholot,8,Unknown,no_markers_in_docx
oholot_9,oholot,9,Unknown,no_markers_in_docx
oktzin_1,oktzin,1,Toharot,unmatched
oktzin_2,oktzin,2,Toharot,unmatched
oktzin_3,oktzin,3,Toharot,unmatched
parah_1,parah,1,Toharot,no_markers_in_docx
parah_10,parah,10,Toharot,no_markers_in_docx
parah_11,parah,11,Toharot,no_markers_in_docx
parah_12,parah,12,Toharot,unmatched
parah_2,parah,2,Toharot,no_markers_in_docx
parah_3,parah,3,Toharot,unmatched
parah_4,parah,4,Toharot,no_markers_in_docx
parah_5,parah,5,Toharot,no_markers_in_docx
parah_6,parah,6,Toharot,no_markers_in_docx
parah_7,parah,7,Toharot,no_markers_in_docx
parah_8,parah,8,Toharot,no_markers_in_docx
parah_9,parah,9,Toharot,no_markers_in_docx
sanhedrin_1,sanhedrin,1,Nezikin,unmatched
sanhedrin_11,sanhedrin,11,Nezikin,shape_mismatch
sanhedrin_4,sanhedrin,4,Nezikin,no_markers_in_docx
sanhedrin_5,sanhedrin,5,Nezikin,unmatched
sanhedrin_6,sanhedrin,6,Nezikin,shape_mismatch
sanhedrin_7,sanhedrin,7,Nezikin,shape_mismatch
shabbat_19,shabbat,19,Moed,no_markers_in_docx
shabbat_2,shabbat,2,Moed,no_markers_in_docx
shabbat_24,shabbat,24,Moed,no_markers_in_docx
shabbat_4,shabbat,4,Moed,no_markers_in_docx
shabbat_8,shabbat,8,Moed,no_markers_in_docx
shevuot_1,shevuot,1,Nezikin,unmatched
shevuot_2,shevuot,2,Nezikin,no_markers_in_docx
shevuot_3,shevuot,3,Nezikin,shape_mismatch
shevuot_4,shevuot,4,Nezikin,no_markers_in_docx
shevuot_5,shevuot,5,Nezikin,no_markers_in_docx
shevuot_6,shevuot,6,Nezikin,shape_mismatch
shevuot_7,shevuot,7,Nezikin,no_markers_in_docx
shevuot_8,shevuot,8,Nezikin,shape_mismatch
taanit_2,taanit,2,Moed,no_markers_in_docx
tahorot_1,tahorot,1,Toharot,shape_mismatch
tahorot_10,tahorot,10,Toharot,no_markers_in_docx
tahorot_2,tahorot,2,Toharot,no_markers_in_docx
tahorot_3,tahorot,3,Toharot,no_markers_in_docx
tahorot_4,tahorot,4,Toharot,unmatched
tahorot_5,tahorot,5,Toharot,unmatched
tahorot_6,tahorot,6,Toharot,no_markers_in_docx
tahorot_7,tahorot,7,Toharot,no_markers_in_docx
tahorot_8,tahorot,8,Toharot,no_markers_in_docx
tahorot_9,tahorot,9,Toharot,no_markers_in_docx
temurah_1,temurah,1,Kodashim,no_markers_in_docx
temurah_2,temurah,2,Kodashim,no_markers_in_docx
temurah_3,temurah,3,Kodashim,no_markers_in_docx
temurah_4,temurah,4,Kodashim,no_markers_in_docx
temurah_5,temurah,5,Kodashim,no_markers_in_docx
temurah_6,temurah,6,Kodashim,no_markers_in_docx
temurah_7,temurah,7,Kodashim,shape_mismatch
tevulyom_1,tevulyom,1,Toharot,no_markers_in_docx
tevulyom_2,tevulyom,2,Toharot,no_markers_in_docx
tevulyom_3,tevulyom,3,Toharot,no_markers_in_docx
tevulyom_4,tevulyom,4,Toharot,unmatched
yadayim_1,yadayim,1,Toharot,unmatched
yadayim_2,yadayim,2,Toharot,no_markers_in_docx
yadayim_3,yadayim,3,Toharot,unmatched
yadayim_4,yadayim,4,Toharot,unmatched
yevamot_2,yevamot,2,Nashim,shape_mismatch
zavim_1,zavim,1,Toharot,no_markers_in_docx
zavim_2,zavim,2,Toharot,no_markers_in_docx
zavim_3,zavim,3,Toharot,no_markers_in_docx
zavim_4,zavim,4,Toharot,no_markers_in_docx
zavim_5,zavim,5,Toharot,no_markers_in_docx
zevachim_1,zevachim,1,Kodashim,no_markers_in_docx
zevachim_10,zevachim,10,Kodashim,no_markers_in_docx
zevachim_11,zevachim,11,Kodashim,no_markers_in_docx
zevachim_12,zevachim,12,Kodashim,no_markers_in_docx
zevachim_13,zevachim,13,Kodashim,no_markers_in_docx
zevachim_14,zevachim,14,Kodashim,unmatched
zevachim_2,zevachim,2,Kodashim,unmatched
zevachim_3,zevachim,3,Kodashim,no_markers_in_docx
zevachim_4,zevachim,4,Kodashim,no_markers_in_docx
zevachim_5,zevachim,5,Kodashim,no_markers_in_docx
zevachim_6,zevachim,6,Kodashim,unmatched
zevachim_7,zevachim,7,Kodashim,no_markers_in_docx
zevachim_8,zevachim,8,Kodashim,unmatched
zevachim_9,zevachim,9,Kodashim,unmatched
