serial_number,book,unit_number,title,verses,verse_range,format,irregular,unique,cells,type,cell_verse_map
1,Genesis,1,Creation,Genesis 1:1-2:3,1:1-2:3,3x2,False,False,6,CL,"{""1A"": ""2:1"", ""1B"": ""2:2-2:3"", ""1Aa"": ""1:3-1:5"", ""1Ba"": ""1:14-1:19"", ""1Ab"": ""1:6-1:8"", ""1Bb"": ""1:20-1:23""}"
2,Genesis,2,Generations of Heaven and Earth,Genesis 2:4-4:26,2:4-4:26,3x2,False,False,6,,"{""1Aa"": ""2:4-2:7"", ""1Ba"": ""2:18-2:20"", ""1Ab"": ""2:8-2:17"", ""1Bb"": ""2:21-2:25"", ""2Aa"": ""3:1-3:7"", ""2Ba"": ""4:1-4:8"", ""2Ab"": ""3:8-3:24"", ""2Bb"": ""4:9-4:16"", ""2A"": ""4:17-4:24"", ""2B"": ""4:25-4:26""}"
3,Genesis,3,Book of Generations of Adam,Genesis 5:1-10:32,5:1-10:32,6x2,False,False,12,F,"{""1Aa"": ""5:1-5:5"", ""1Ba"": ""6:1-6:4"", ""1Ab"": ""5:6-5:31"", ""1Bb"": ""6:5-6:8"", ""1Ac"": ""5:32"", ""1Bc"": ""6:9-6:10"", ""1A"": ""6:11-6:22"", ""1B"": ""7:1-7:5"", ""3Aa"": ""7:17-7:23"", ""3Ba"": ""8:6-8:9"", ""3Ab"": ""7:24-8:3"", ""3Bb"": ""8:10-8:11"", ""3Ac"": ""8:4-8:5"", ""3Bc"": ""8:12-8:14"", ""5Aa"": ""8:15-8:19"", ""5Ba"": ""9:1-9:7"", ""5Ab"": ""8:20-8:22"", ""5Bb"": ""9:8-9:17"", ""5A"": ""9:18-9:29"", ""5B"": ""10:1-10:32""}"
4,Genesis,4,Tower of Babel,Genesis 11:1-11:9,11:1-11:9,2x3,False,True,6,,"{""1A"": ""11:5-11:6"", ""1B"": ""11:7"", ""1C"": ""11:8-11:9""}"
5,Genesis,5,Call of Abraham,Genesis 11:10-13:4,11:10-13:4,2x2,False,False,4,,"{""1A"": ""11:10-11:26"", ""1B"": ""11:27-11:32"", ""1Aa"": ""12:1-12:7"", ""1Ba"": ""12:10-13:2"", ""1Ab"": ""12:8-12:9"", ""1Bb"": ""13:3-13:4""}"
6,Genesis,6,Abraham and Lot,Genesis 13:5-14:24,13:5-14:24,2x2,False,False,4,,"{""1Aa"": ""14:1-14:10"", ""1Ba"": ""14:13-14:20"", ""1Ab"": ""14:11-14:12"", ""1Bb"": ""14:21-14:24""}"
7,Genesis,7,Covenant Ceremonies,Genesis 15:1-17:27,15:1-17:27,2x2,False,False,4,,"{""1A"": ""15:1-15:21"", ""1B"": ""16:1-16:16"", ""1Aa"": ""17:1-17:8"", ""1Ba"": ""17:15-17:22"", ""1Ab"": ""17:9-17:14"", ""1Bb"": ""17:23-17:27""}"
8,Genesis,8,Sodom and Lot,Genesis 18:1-19:38,18:1-19:38,2x2,False,False,4,,"{""1Aa"": ""18:1-18:8"", ""1Ba"": ""18:16-18:19"", ""1Ab"": ""18:9-18:15"", ""1Bb"": ""18:20-18:33"", ""2Aa"": ""19:1-19:3"", ""2Ba"": ""19:27-19:29"", ""2Ab"": ""19:4-19:26"", ""2Bb"": ""19:30-19:38""}"
9,Genesis,9,Abraham and Abimelech,Genesis 20:1-22:19,20:1-22:19,2x2,False,False,4,,"{""1A"": ""20:1-20:18"", ""1B"": ""21:1-21:21"", ""2Aa"": ""21:22-21:24"", ""2Ba"": ""22:1-22:10"", ""2Ab"": ""21:25-21:27"", ""2Bb"": ""22:11-22:14"", ""2Ac"": ""21:28-21:34"", ""2Bc"": ""22:15-22:19""}"
10,Genesis,10,Death of Sarah,Genesis 22:20-25:11,22:20-25:11,4x2,False,False,8,F,"{""1A"": ""22:20-22:24"", ""1B"": ""23:1-23:20"", ""2Aa"": ""24:1-24:9"", ""2Ba"": ""24:28-24:41"", ""2Ab"": ""24:10-24:27"", ""2Bb"": ""24:42-24:52"", ""3A"": ""25:1-25:6"", ""3B"": ""25:7-25:11""}"
11,Genesis,11,Birth of Jacob and Esau,Genesis 25:12-25:34,25:12-25:34,2x2,False,False,4,,"{""1A"": ""25:20-25:26"", ""1B"": ""25:27-25:34""}"
12,Genesis,12,Isaac in Gerar,Genesis 26:1-26:33,26:1-26:33,3x2,False,False,6,,"{""1A"": ""26:23-26:25"", ""1B"": ""26:26-26:33"", ""1Aa"": ""26:12-26:15"", ""1Ba"": ""26:16-26:22""}"
13,Genesis,13,Blessing Deception,Genesis 26:34-28:9,26:34-28:9,12221,True,False,8,F,"{""1"": ""27:30-27:41"", ""4A"": ""28:6-28:9"", ""4B"": ""28:6-28:9""}"
14,Genesis,14,Jacob with Laban,Genesis 28:10-32:3,28:10-32:3,12221,True,False,8,F,"{""1"": ""29:31-30:24"", ""3A"": ""30:25-30:42"", ""3B"": ""30:43-31:18"", ""4A"": ""32:2-32:3"", ""4B"": ""32:2-32:3""}"
15,Genesis,15,Jacob and Esau Reconciliation,Genesis 32:4-33:16,32:4-33:16,2x2,False,False,4,,"{""1Aa"": ""32:4-32:9"", ""1Ba"": ""32:14-32:21"", ""1Ab"": ""32:10-32:13"", ""1Bb"": ""32:22-32:24"", ""1A"": ""32:25-32:33"", ""1B"": ""33:1-33:16""}"
16,Genesis,16,Transition to Isaac's Death,Genesis 33:17-35:29,33:17-35:29,4x2,False,False,8,,"{""1A"": ""34:1-34:19"", ""1B"": ""34:20-34:31"", ""3Aa"": ""35:16-35:20"", ""3Ba"": ""35:6-35:8"", ""3Ab"": ""35:21-35:22"", ""3Bb"": ""35:27-35:29"", ""3B"": ""35:23-35:26""}"
17,Genesis,17,Joseph Sold and Elevated,Genesis 36:1-41:45,36:1-41:45,3x2,False,False,6,,"{""1Aa"": ""36:1-36:5"", ""1Ba"": ""37:2-37:4"", ""1Ab"": ""36:6-36:8"", ""1Bb"": ""37:5-37:8"", ""1Ac"": ""36:9-36:14"", ""1Bc"": ""37:9-37:11"", ""1A"": ""36:20-36:30"", ""1B"": ""37:15-37:22"", ""2Aa"": ""38:1-38:11"", ""2Ba"": ""39:1-39:6"", ""2Ab"": ""38:12-38:26"", ""2Bb"": ""39:7-39:20"", ""2Ac"": ""38:27-38:30"", ""2Bc"": ""39:21-39:23"", ""3Aa"": ""40:1-40:23"", ""3Ba"": ""41:14-41:37"", ""3Ab"": ""41:1-41:13"", ""3Bb"": ""41:38-41:45""}"
18,Genesis,18,Joseph's Administration,Genesis 41:46-47:26,41:46-47:26,6x3,False,False,18,,"{""1A"": ""41:57-42:17"", ""1B"": ""42:18-42:24"", ""1C"": ""42:25-42:28"", ""3Aa"": ""42:29-42:38"", ""3Ba"": ""43:16-43:25"", ""3Ca"": ""44:1-44:13"", ""3Ab"": ""43:1-43:15"", ""3Bb"": ""43:26-43:34"", ""3Cb"": ""44:14-44:17"", ""4A"": ""44:18-44:34"", ""4B"": ""45:1-45:15"", ""4C"": ""45:16-45:28"", ""5Aa"": ""46:1-46:7"", ""5Ba"": ""46:28-46:30"", ""5Ca"": ""47:1-47:6"", ""5Ab"": ""46:8-46:27"", ""5Bb"": ""46:31-46:34"", ""5Cb"": ""47:7-47:12"", ""6A"": ""47:13-47:17"", ""6B"": ""47:18-47:22"", ""6C"": ""47:23-47:26""}"
19,Genesis,19,Blessings and Deaths,Genesis 47:27-50:26,47:27-50:26,2x3,False,False,6,,"{""1Aa"": ""47:27-47:28"", ""1Ba"": ""48:1-48:7"", ""1Ca"": ""49:1-49:28"", ""2A"": ""50:1-50:13"", ""2B"": ""50:14-50:21"", ""2C"": ""50:22-50:26""}"
20,Exodus,1,Oppression and Call of Moses,Exodus 1:1-4:18,1:1-4:18,3x2,False,False,6,,"{""1Aa"": ""3:6-3:12"", ""1Ba"": ""4:1-4:9"", ""1Ab"": ""3:13-3:15"", ""1Bb"": ""4:10-4:12"", ""1Ac"": ""3:16-3:21"", ""1Bc"": ""4:13-4:17"", ""1A"": ""3:22"", ""1B"": ""4:18""}"
21,Exodus,2,Moses Before Pharaoh,Exodus 4:19-6:28,4:19-6:28,3x2,False,False,6,,"{""1Aa"": ""5:6-5:9"", ""1Ba"": ""5:14"", ""1Ab"": ""5:10-5:13"", ""1Bb"": ""5:15-5:19"", ""1Ac"": ""4:24-4:26"", ""1Bc"": ""5:1-5:5"", ""3Aa"": ""5:20-5:21"", ""3Ba"": ""6:10-6:12"", ""3Ab"": ""5:22-6:1"", ""3Bb"": ""6:13"", ""3Ac"": ""6:2-6:8"", ""3Bc"": ""6:14-6:25"", ""3A"": ""6:9"", ""3B"": ""6:26-6:27""}"
22,Exodus,3,The Nine Signs,Exodus 6:29-11:10,6:29-11:10,23332,True,False,13,F,"{""1Aa"": ""7:26-7:29"", ""1Ba"": ""7:26-7:29"", ""1A"": ""7:5-7:7"", ""1B"": ""7:11-7:13"", ""1Ab"": ""8:1-8:11"", ""1Bb"": ""8:12-8:15"", ""3A"": ""8:16-8:28"", ""3B"": ""9:1-9:7"", ""3C"": ""9:8-9:12"", ""4Aa"": ""9:13-9:21"", ""4Ba"": ""10:1-10:11"", ""4Ab"": ""9:22-9:35"", ""4Bb"": ""10:12-10:20"", ""4Cb"": ""10:21-10:29"", ""5Aa"": ""11:1"", ""5Ba"": ""11:4-11:8"", ""5Ab"": ""11:2-11:3"", ""5Bb"": ""11:9"", ""5B"": ""11:10""}"
23,Exodus,4,Passover and Exodus,Exodus 12:1-13:16,12:1-13:16,3x2,False,False,6,,"{""1Aa"": ""12:29"", ""1Ba"": ""12:35-12:36"", ""1Ab"": ""12:30-12:32"", ""1Bb"": ""12:37-12:38"", ""1Ac"": ""12:33-12:34"", ""1Bc"": ""12:39"", ""3Aa"": ""12:40-12:42"", ""3Ba"": ""13:3"", ""3Ab"": ""12:43-12:50"", ""3B"": ""13:11-13:16"", ""3A"": ""13:1-13:2"", ""3Bc"": ""13:8-13:10""}"
24,Exodus,5,Crossing the Sea,Exodus 13:17-15:21,13:17-15:21,3x3,False,True,9,,"{""1A"": ""14:9-14:10"", ""1B"": ""14:11-14:14"", ""1C"": ""13:20-13:22"", ""1Aa"": ""14:1-14:8"", ""1Ca"": ""14:19-14:25"", ""1Bb"": ""14:15-14:18"", ""1Cb"": ""14:26-14:29"", ""3Aa"": ""14:30-14:31"", ""3Ba"": ""15:6-15:10"", ""3C"": ""15:17-15:19"", ""3Ab"": ""15:1-15:5"", ""3Bb"": ""15:11-15:16"", ""3Cb"": ""15:20-15:21""}"
25,Exodus,6,Wilderness Complaints,Exodus 15:22-17:16,15:22-17:16,3x2,False,False,6,,"{""1A"": ""15:22-15:25"", ""1B"": ""15:26-15:27"", ""1Aa"": ""16:1-16:5"", ""1Ba"": ""16:16-16:22"", ""1Ab"": ""16:6-16:10"", ""1Bb"": ""16:23-16:30"", ""1Ac"": ""16:11-16:15"", ""1Bc"": ""16:31-16:36"", ""3A"": ""17:1-17:7"", ""3B"": ""17:8-17:16""}"
26,Exodus,7,Sinai and the Decalogue,Exodus 18:1-20:22,18:1-20:22,4x2,False,False,8,,"{""1A"": ""18:1-18:12"", ""1B"": ""19:14-19:15"", ""1Aa"": ""19:10-19:11"", ""1Ab"": ""19:12-19:13"", ""1Bb"": ""19:16-19:19"", ""4Aa"": ""19:20-19:25"", ""4Ba"": ""20:14-20:17"", ""4Ab"": ""20:1-20:13"", ""4Bb"": ""20:18-20:22""}"
27,Exodus,8,Covenant Code I,Exodus 21:1-22:16,21:1-22:16,7x2,False,False,14,,"{""1A"": ""22:13-22:14"", ""1B"": ""22:15-22:16"", ""1Aa"": ""21:28-21:32"", ""1Ba"": ""21:35-21:36"", ""1Ab"": ""21:33-21:34"", ""1Bb"": ""21:37-22:3""}"
28,Exodus,9,Covenant Code II,Exodus 22:17-23:19,22:17-23:19,5x3,False,False,15,F,"{""1A"": ""23:10-23:11"", ""1B"": ""23:12-23:13"", ""1C"": ""23:14-23:19"", ""1Aa"": ""23:1"", ""1Ba"": ""23:4"", ""1Ca"": ""23:7"", ""1Ab"": ""23:2"", ""1Bb"": ""23:5"", ""1Cb"": ""23:8"", ""1Ac"": ""23:3"", ""1Bc"": ""23:6"", ""1Cc"": ""23:9""}"
29,Exodus,10,Covenant Ratification,Exodus 23:20-24:18,23:20-24:18,3x3,False,True,9,,"{""1A"": ""24:12-24:13"", ""1B"": ""24:14-24:15"", ""1C"": ""24:16-24:18""}"
30,Exodus,11,Tabernacle Instructions I,Exodus 25:1-27:21,25:1-27:21,12221,True,False,8,F,"{""1"": ""27:20-27:21"", ""1a"": ""26:1-26:6"", ""1b"": ""26:7-26:14"", ""1c"": ""26:15-26:30""}"
31,Exodus,12,Priestly Vestments,Exodus 28:1-43,28:1-43,1221,True,False,6,F,"{""1"": ""28:40-28:43""}"
32,Exodus,13,Consecration and Altars,Exodus 29:1-30:10,29:1-30:10,4x2,False,False,8,,"{""1A"": ""29:31-29:34"", ""1B"": ""29:35-29:37"", ""1Aa"": ""29:10-29:14"", ""1Ba"": ""29:19-29:21"", ""1Ab"": ""29:15-29:18"", ""1Bb"": ""29:22-29:25""}"
33,Exodus,14,Tabernacle Supplements,Exodus 30:11-31:17,30:11-31:17,4x2,False,False,8,,"{""1A"": ""30:11-30:16"", ""1B"": ""30:17-30:21"", ""3A"": ""31:1-31:11"", ""3B"": ""31:12-31:17""}"
34,Exodus,15,Golden Calf and Renewal,Exodus 31:18-34:35,31:18-34:35,5x2,False,True,10,,"{""1Aa"": ""31:18"", ""1Ba"": ""32:15-32:16"", ""1Ab"": ""32:1-32:6"", ""1Bb"": ""32:17-32:24"", ""1Ac"": ""32:7-32:14"", ""1Bc"": ""32:25-32:35"", ""1A"": ""33:1-33:6"", ""1B"": ""33:7-33:11"", ""3A"": ""34:27-34:29"", ""3B"": ""34:30-34:35""}"
35,Exodus,16,Tabernacle Contributions,Exodus 35:1-36:7,35:1-36:7,3x2,False,False,6,,"{""1A"": ""35:30-36:2"", ""1B"": ""36:3-36:7""}"
36,Exodus,17,Tabernacle Construction,Exodus 36:8-38:20,36:8-38:20,3x2,False,False,6,,"{""1Aa"": ""36:8-36:13"", ""1Ba"": ""37:1-37:5"", ""1Ab"": ""36:14-36:19"", ""1Bb"": ""37:6-37:9"", ""1Ac"": ""36:20-36:34"", ""1Bc"": ""37:10-37:16"", ""1A"": ""36:35-36:38"", ""1B"": ""37:17-37:24"", ""2A"": ""38:8"", ""2B"": ""38:9-38:20""}"
37,Exodus,18,Tabernacle Inventory,Exodus 38:21-39:31,38:21-39:31,2x2,False,False,4,,"{""1A"": ""38:21-38:23"", ""1B"": ""38:24-39:1"", ""1Aa"": ""39:2-39:5"", ""1Ba"": ""39:22-39:26"", ""1Ab"": ""39:6-39:7"", ""1Bb"": ""39:27-39:29"", ""1Ac"": ""39:8-39:21"", ""1Bc"": ""39:30-39:31""}"
38,Exodus,19,Tabernacle Erected,Exodus 39:32-40:38,39:32-40:38,131,True,False,5,F,"{""1"": ""40:34-40:38""}"
39,Leviticus,1,Three Spontaneous Private Sacrifices,Leviticus 1:1-3:17,1:1-3:17,3x3,False,False,9,,"{""1A"": ""2:1-2:3"", ""1B"": ""2:4-2:13"", ""1C"": ""2:14-2:16"", ""3A"": ""3:1-3:5"", ""3B"": ""3:6-3:11"", ""3C"": ""3:12-3:17""}"
40,Leviticus,2,Sacrifices for Expiation,Leviticus 4:1-5:26,4:1-5:26,3x3,False,False,9,,"{""1Aa"": ""4:1-4:12"", ""1B"": ""4:22-4:26"", ""1Ca"": ""4:27-4:31"", ""1Ab"": ""4:13-4:21"", ""1Cb"": ""4:32-4:35"", ""2A"": ""5:14-5:16"", ""2B"": ""5:17-5:19"", ""2C"": ""5:20-5:26""}"
41,Leviticus,3,Administrative Order,Leviticus 6:1-7:38,6:1-7:38,3x3,False,False,9,,"{""1A"": ""6:17-6:23"", ""1B"": ""7:1-7:6"", ""1C"": ""7:7-7:10"", ""3A"": ""7:11-7:21"", ""3B"": ""7:22-7:27"", ""3C"": ""7:28-7:38""}"
42,Leviticus,4,Inauguration of the Cult,Leviticus 8:1-10:20,8:1-10:20,2x2,False,False,6,,"{""1Aa"": ""8:1-8:5"", ""1Ba"": ""9:1-9:5"", ""1Ab"": ""8:6-8:9"", ""1B"": ""9:6"", ""1Ac"": ""8:10-8:13"", ""1Bc"": ""9:7"", ""1Ad"": ""8:14-8:17"", ""1Bd"": ""9:8-9:11"", ""1Ae"": ""8:18-8:21"", ""1Be"": ""9:12-9:14"", ""1Af"": ""8:22-8:29"", ""1Bf"": ""9:15-9:21"", ""1Ag"": ""8:30-8:36"", ""1Bg"": ""9:22-9:24"", ""2Aa"": ""10:1-10:7"", ""2Ba"": ""10:12-10:15"", ""2Ab"": ""10:8-10:11"", ""2Bb"": ""10:16-10:20""}"
43,Leviticus,5,Diet Laws,Leviticus 11:1-47,11:1-47,2x2,False,False,4,,"{""1Aa"": ""11:1-11:8"", ""1Ba"": ""11:24-11:28"", ""1Ab"": ""11:9-11:12"", ""1Bb"": ""11:29-11:31"", ""1Ac"": ""11:13-11:19"", ""1Bc"": ""11:32-11:38"", ""1A"": ""11:41-11:42"", ""1B"": ""11:43-11:47""}"
44,Leviticus,6,Childbirth,Leviticus 12:1-8,12:1-8,2x2,False,False,4,,"{""1A"": ""12:6-12:7"", ""1B"": ""12:8""}"
45,Leviticus,7,Scale Disease Diagnosis,Leviticus 13:1-46,13:1-46,2x2,False,False,4,,"{""1Aa"": ""13:29-13:37"", ""1Ba"": ""13:40-13:44"", ""1Ab"": ""13:38-13:39"", ""1Bb"": ""13:45-13:46""}"
46,Leviticus,8,Purification Procedures,Leviticus 13:47-14:57,13:47-14:57,3x3,False,False,9,,"{""1A"": ""14:1-14:9"", ""1B"": ""14:10-14:20"", ""1C"": ""14:21-14:32"", ""3A"": ""14:33-14:38"", ""3B"": ""14:39-14:47"", ""3C"": ""14:48-14:57""}"
47,Leviticus,9,Genital Discharges,Leviticus 15:1-33,15:1-33,2x2,False,False,4,,"{""1A"": ""15:19-15:24"", ""1B"": ""15:25-15:33""}"
48,Leviticus,10,Day of Purgation,Leviticus 16:1-34,16:1-34,2x3,False,False,6,,"{""1A"": ""16:29-16:31"", ""1B"": ""16:32-16:33"", ""1C"": ""16:34""}"
49,Leviticus,11,Slaughter and Blood,Leviticus 17:1-16,17:1-16,2x3,False,False,6,,"{""1A"": ""17:13-17:14"", ""1B"": ""17:8-17:9"", ""1C"": ""17:15-17:16""}"
50,Leviticus,12,Illicit Sexual Practices,Leviticus 18:1-30,18:1-30,3x3,False,False,9,,"{""1A"": ""18:24-18:25"", ""1B"": ""18:26-18:29"", ""1C"": ""18:30""}"
51,Leviticus,13,Holiness,Leviticus 19:1-37,19:1-37,232,True,True,7,,"{""1Aa"": ""19:26-19:28"", ""1Ba"": ""19:32"", ""1Ab"": ""19:29-19:30"", ""1Bb"": ""19:33-19:34"", ""1Ac"": ""19:31"", ""1B"": ""19:25"", ""1A"": ""19:21-19:22"", ""1Bc"": ""19:35-19:37""}"
52,Leviticus,14,Penalties for Sexual Offenses,Leviticus 20:1-27,20:1-27,3x3,False,False,9,,"{""1A"": ""20:22-20:24"", ""1B"": ""20:25-20:26"", ""1C"": ""20:27""}"
53,Leviticus,15,Instructions for Priests,Leviticus 21:1-24,21:1-24,2x3,False,False,6,,"{""1A"": ""21:10-21:12"", ""1B"": ""21:13-21:15"", ""1C"": ""21:16-21:24""}"
54,Leviticus,16,Sanctified Objects,Leviticus 22:1-25,22:1-25,2x3,False,False,6,,"{""1A"": ""22:9"", ""1B"": ""22:10-22:16"", ""1C"": ""22:17-22:25""}"
55,Leviticus,17,Animal Birth,Leviticus 22:26-33,22:26-33,2x2,False,False,4,,"{""1A"": ""22:31"", ""1B"": ""22:32-22:33""}"
56,Leviticus,18,Holiday Calendar,Leviticus 23:1-44,23:1-44,2x2,False,False,4,,"{""1A"": ""23:4-23:8"", ""1B"": ""23:15-23:22"", ""1Aa"": ""23:23-23:25"", ""1Ba"": ""23:33-23:38"", ""1Ab"": ""23:26-23:32"", ""1Bb"": ""23:39-23:44""}"
57,Leviticus,19,Tabernacle Oil and Blasphemy,Leviticus 24:1-23,24:1-23,2x2,False,False,4,,"{""1A"": ""24:10-24:12"", ""1B"": ""24:13-24:23""}"
58,Leviticus,20,Jubilee,Leviticus 25:1-55,25:1-55,323,True,False,8,,"{""1A"": ""25:25-25:28"", ""1B"": ""25:29-25:34"", ""1C"": ""25:29-25:34"", ""3A"": ""25:35-25:38"", ""3B"": ""25:39-25:46"", ""3C"": ""25:47-25:55""}"
59,Leviticus,21,Blessings and Curses,Leviticus 26:1-46,26:1-46,3x2,False,False,6,,"{""1A"": ""26:42-26:44"", ""1B"": ""26:45-26:46"", ""1Aa"": ""26:3-26:5"", ""1Ba"": ""26:14-26:17"", ""1Ab"": ""26:6"", ""1Bb"": ""26:18-26:20"", ""1Bc"": ""26:21-26:22""}"
60,Leviticus,22,Consecrations and Redemption,Leviticus 27:1-34,27:1-34,2x3,False,False,6,,"{""1A"": ""27:1-27:8"", ""1B"": ""27:9-27:13"", ""1C"": ""27:14-27:15"", ""1Aa"": ""27:16-27:21"", ""1Ba"": ""27:26-27:27"", ""1Ca"": ""27:30-27:31"", ""1Ab"": ""27:22-27:25"", ""1Bb"": ""27:28-27:29"", ""1Cb"": ""27:32-27:34""}"
61,Numbers,1,Census and Camp,Numbers 1:1-4:49,1:1-4:49,3x2,False,False,6,,"{""1Aa"": ""1:1-1:19"", ""1Ba"": ""1:48-1:54"", ""2Aa"": ""3:1-3:4"", ""2Ba"": ""3:14-3:20"", ""2Ab"": ""3:5-3:10"", ""2Bb"": ""3:21-3:39"", ""2Ac"": ""3:11-3:13"", ""2B"": ""3:40-3:51"", ""3Aa"": ""4:1-4:20"", ""3Ba"": ""4:34-4:37"", ""3Ab"": ""4:21-4:28"", ""3Bb"": ""4:38-4:41"", ""3Ac"": ""4:29-4:33"", ""3Bc"": ""4:42-4:49""}"
62,Numbers,2,Camp Purity and Nazirite,Numbers 5:1-6:21,5:1-6:21,2x2,False,False,4,,"{""1A"": ""5:11-5:31"", ""1B"": ""6:1-6:21""}"
63,Numbers,3,Priestly Blessing and Departure,Numbers 6:22-10:36,6:22-10:36,3x3,False,False,9,,"{""1A"": ""6:22-6:27"", ""1B"": ""7:1-7:9"", ""1C"": ""7:10-7:89"", ""2Aa"": ""8:1-8:3"", ""2Ba"": ""8:5-8:22"", ""2Ca"": ""9:1-9:5"", ""2Ab"": ""8:4"", ""2Bb"": ""8:23-8:26"", ""2Cb"": ""9:6-9:14"", ""3Aa"": ""9:15-9:23"", ""3Ba"": ""10:11-10:13"", ""3Ca"": ""10:29-10:32"", ""3Ab"": ""10:1-10:10"", ""3Bb"": ""10:14-10:28"", ""3Cb"": ""10:33-10:36""}"
64,Numbers,4,Complaints Against Moses,Numbers 11:1-12:16,11:1-12:16,2x3,False,False,6,,"{""1Aa"": ""11:1-11:3"", ""1Ba"": ""11:16-11:17"", ""1Ca"": ""11:24-11:29"", ""1Ab"": ""11:4-11:10"", ""1Bb"": ""11:18-11:20"", ""1Cb"": ""11:30-11:32"", ""1Ac"": ""11:11-11:15"", ""1Bc"": ""11:21-11:23"", ""1Cc"": ""11:33-11:35"", ""2A"": ""12:1-12:3"", ""2B"": ""12:4-12:10"", ""2C"": ""12:11-12:16""}"
65,Numbers,5,The Spies,Numbers 13:1-14:45,13:1-14:45,4x2,False,False,8,F,"{""1A"": ""13:25-14:1"", ""1B"": ""14:2-14:10"", ""3Aa"": ""14:11-14:19"", ""3Ba"": ""14:26-14:35"", ""3Ab"": ""14:20-14:25"", ""3Bb"": ""14:36-14:38"", ""3A"": ""14:39-14:43"", ""3B"": ""14:44-14:45""}"
66,Numbers,6,Supplementary Laws,Numbers 15:1-31,15:1-31,2x3,False,False,6,,"{""1A"": ""15:22-15:26"", ""1B"": ""15:27-15:29"", ""1C"": ""15:30-15:31""}"
67,Numbers,7,Korah Rebellion,Numbers 15:32-17:26,15:32-17:26,2x2,False,True,4,,"{""1A"": ""15:32-15:36"", ""1B"": ""15:37-15:41"", ""2Aa"": ""16:1-16:18"", ""2Ba"": ""17:1-17:5"", ""2Ab"": ""16:19-16:22"", ""2Bb"": ""17:6-17:15""}"
68,Numbers,8,Priestly Duties and Red Heifer,Numbers 17:27-19:22,17:27-19:22,2x3,False,False,6,,"{""1A"": ""17:27-18:7"", ""1B"": ""18:8-18:24"", ""1C"": ""18:25-18:32"", ""2A"": ""19:1-19:10"", ""2B"": ""19:11-19:13"", ""2C"": ""19:14-19:22""}"
69,Numbers,9,Death of Miriam and Aaron,Numbers 20:1-22:1,20:1-22:1,4x2,False,False,8,,"{""1A"": ""20:22-20:29"", ""1B"": ""21:1-21:3"", ""3Aa"": ""21:4-21:13"", ""3B"": ""21:33-22:1"", ""3A"": ""21:31-21:32""}"
70,Numbers,10,Balaam,Numbers 22:2-25:16,22:2-25:16,4x2,False,False,8,,"{""1A"": ""22:2-22:20"", ""1B"": ""22:21-22:35"", ""1Aa"": ""22:36-23:6"", ""1Ba"": ""23:11-23:17"", ""1Ab"": ""23:7-23:10"", ""1Bb"": ""23:18-23:24"", ""3Aa"": ""25:1-25:5"", ""3Ba"": ""25:10-25:15"", ""3Ab"": ""25:6-25:9"", ""3Bb"": ""25:16-25:18""}"
71,Numbers,11,Second Census and Succession,Numbers 26:1-27:23,26:1-27:23,2x2,False,False,4,,"{""1Aa"": ""26:1-26:51"", ""1Ba"": ""26:57-26:62"", ""1Ab"": ""26:52-26:56"", ""1Bb"": ""26:63-26:65"", ""2Aa"": ""27:1-27:5"", ""2Ba"": ""27:12-27:14"", ""2Ab"": ""27:6-27:11"", ""2Bb"": ""27:15-27:23""}"
72,Numbers,12,Festival Calendar and Vows,Numbers 28:1-30:17,28:1-30:17,1x2,True,False,2,,"{""1Aa"": ""28:1-28:8"", ""1Ba"": ""30:2-30:3"", ""1Ab"": ""28:9-28:10"", ""1Bb"": ""30:4-30:5"", ""1Ac"": ""28:11-28:15"", ""1Bc"": ""30:6"", ""1A"": ""29:12-30:1"", ""1B"": ""30:13"", ""1Bh"": ""30:14-30:17""}"
73,Numbers,13,"War, Boundaries, and Inheritance",Numbers 31:1-36:13,31:1-36:13,212,True,False,5,,"{""1Aa"": ""31:1-31:12"", ""1Ba"": ""32:1-32:4"", ""1Ab"": ""31:13-31:20"", ""1Bb"": ""32:5-32:15"", ""3Aa"": ""33:50-33:56"", ""3Ba"": ""35:1-35:8"", ""3Ab"": ""34:1-34:15"", ""3Bb"": ""35:9-35:34"", ""3Ac"": ""34:16-34:29"", ""3Bc"": ""36:1-36:13""}"
74,Deuteronomy,1,Historical Prologue,Deuteronomy 1:1-3:23,1:1-3:23,13331,True,False,11,F,"{""2A"": ""3:23-3:29"", ""2B"": ""3:23-3:29"", ""2C"": ""3:23-3:29""}"
75,Deuteronomy,2,Exhortation to Obedience,Deuteronomy 4:1-49,4:1-49,5x2,False,False,10,CL,"{""1A"": ""4:41-4:43"", ""1B"": ""4:44-4:49""}"
76,Deuteronomy,3,The Decalogue Restated,Deuteronomy 5:1-6:3,5:1-6:3,4x2,False,False,8,CL,"{""1A"": ""5:1"", ""1B"": ""5:2-5:5"", ""1Aa"": ""5:18"", ""1Ba"": ""5:28-5:29"", ""1Ab"": ""5:19-5:23"", ""1Bb"": ""6:1-6:2"", ""1Ac"": ""5:24-5:27"", ""1Bc"": ""6:3""}"
77,Deuteronomy,4,Shema and Wilderness Lessons,Deuteronomy 6:4-8:18,6:4-8:18,4x2,False,False,8,CL,"{""1Aa"": ""6:20-6:21"", ""1Ba"": ""7:1-7:5"", ""1Ab"": ""6:5"", ""1Bb"": ""7:6-7:8"", ""1Ac"": ""6:25"", ""1Bc"": ""7:9-7:10"", ""1A"": ""6:22-6:24"", ""3Aa"": ""8:1"", ""3Ba"": ""8:11"", ""3Bb"": ""8:12-8:17"", ""3Ab"": ""8:2-8:4"", ""3Ac"": ""8:5-8:10"", ""3Bc"": ""8:18-8:20""}"
78,Deuteronomy,5,Golden Calf Recalled,Deuteronomy 9:1-10:11,9:1-10:11,4x2,False,False,8,,"{""1A"": ""10:10"", ""1B"": ""10:11"", ""1Aa"": ""9:25-9:29"", ""1Ba"": ""10:6"", ""1Ab"": ""10:1-10:5"", ""1Bb"": ""10:7-10:9""}"
79,Deuteronomy,6,Love and Obey,Deuteronomy 10:12-11:32,10:12-11:32,3x2,False,False,6,,"{""1A"": ""11:22-11:25"", ""1B"": ""11:26-11:32"", ""1C"": ""11:26-11:32""}"
80,Deuteronomy,7,Deuteronomic Law Code,Deuteronomy 12:1-21:9,12:1-21:9,4x2,False,False,8,,"{""1Aa"": ""12:1-12:4"", ""1Ba"": ""12:28-13:1"", ""1A"": ""12:13-12:14"", ""1B"": ""13:13-13:19"", ""2Aa"": ""14:28-14:29"", ""2Ba"": ""15:19-15:23"", ""2Ab"": ""15:1-15:6"", ""2Bb"": ""16:1-16:8"", ""2Ac"": ""15:7-15:11"", ""2Bc"": ""16:9-16:12"", ""2Ad"": ""15:12-15:18"", ""2Bd"": ""16:13-16:17"", ""3A"": ""17:12-17:13"", ""3B"": ""18:20-18:22"", ""4A"": ""19:11-19:13"", ""4B"": ""20:16-20:18"", ""4Ab"": ""19:14"", ""4Bb"": ""20:19-20:20"", ""4Ac"": ""19:15-19:21"", ""4Bc"": ""21:1-21:9""}"
81,Deuteronomy,8,Case Laws,Deuteronomy 21:10-25:4,21:10-25:4,1x3,True,False,3,,{}
82,Deuteronomy,9,Firstfruits and Covenant Ceremony,Deuteronomy 25:5-27:26,25:5-27:26,4x2,False,False,8,,"{""1Aa"": ""25:5-25:10"", ""1Ba"": ""25:17-25:19"", ""1Ab"": ""25:11-25:12"", ""1Bb"": ""26:1-26:11"", ""1Ac"": ""25:13-25:16"", ""1Bc"": ""26:12-26:15"", ""2Aa"": ""27:15-27:16"", ""2Ba"": ""27:20-27:23"", ""2Ab"": ""27:17"", ""2Bb"": ""27:24-27:25"", ""2A"": ""27:9-27:10"", ""2B"": ""27:11-27:14"", ""2Ac"": ""27:18-27:19"", ""2Bc"": ""27:26""}"
83,Deuteronomy,10,Blessings and Curses,Deuteronomy 28:1-68,28:1-68,4x3,False,False,12,,"{""1Aa"": ""28:15"", ""1Ba"": ""28:27"", ""1Ca"": ""28:38"", ""1Ab"": ""28:16-28:19"", ""1Bb"": ""28:9-28:10"", ""1Cb"": ""28:39"", ""1Ac"": ""28:20"", ""1Bc"": ""28:30-28:31"", ""1C"": ""28:14"", ""1B"": ""28:28-28:29"", ""1Cc"": ""28:40"", ""1Ad"": ""28:21"", ""1Bd"": ""28:32"", ""1Cd"": ""28:41"", ""1Ae"": ""28:22-28:23"", ""1Be"": ""28:33-28:34"", ""1Ce"": ""28:42"", ""1Af"": ""28:24"", ""1Bf"": ""28:35"", ""1Cf"": ""28:43-28:44"", ""1Ag"": ""28:25-28:26"", ""1Bg"": ""28:36-28:37"", ""1Cg"": ""28:45-28:48"", ""3A"": ""28:58-28:63"", ""3B"": ""28:64-28:67"", ""3C"": ""28:68""}"
84,Deuteronomy,11,Covenant Renewal,Deuteronomy 28:69-30:20,28:69-30:20,3x2,False,False,6,,"{""1Aa"": ""29:21-29:27"", ""1Ba"": ""30:1-30:10"", ""1Ab"": ""29:28"", ""1Bb"": ""30:11-30:14"", ""1Ac"": ""29:6-29:8"", ""1B"": ""30:19-30:20"", ""1A"": ""30:15-30:18""}"
85,Deuteronomy,12,Song of Moses,Deuteronomy 31:1-32:47,31:1-32:47,4x2,False,False,8,,"{""1Aa"": ""31:14-31:18"", ""1Ba"": ""31:24-31:27"", ""1Ab"": ""31:19-31:23"", ""1Bb"": ""31:28-31:30"", ""3A"": ""32:44"", ""3B"": ""32:45-32:47""}"
86,Deuteronomy,13,Death of Moses,Deuteronomy 32:48-34:12,32:48-34:12,5x2,False,True,10,CL,"{""1A"": ""33:26-33:29"", ""1B"": ""34:1-34:12"", ""1Aa"": ""33:20-33:21"", ""1Ba"": ""33:23"", ""1Ab"": ""33:22"", ""1Bb"": ""33:24-33:25""}"
